
[{
 "name": "fold_vav_2026_01_31_15_42_template_hit_0_chains_a.cif",
 "queryIndices": [
  160,
  116,
  150,
  138,
  115,
  145,
  141,
  111,
  121,
  155,
  135,
  126,
  156,
  128,
  161,
  110,
  140,
  144,
  114,
  139,
  151,
  117,
  129,
  157,
  127,
  134,
  154,
  120,
  143,
  109,
  113,
  147,
  136,
  118,
  148,
  162,
  130,
  124,
  158,
  133,
  123,
  153,
  149,
  119,
  107,
  137,
  146,
  112,
  108,
  142,
  152,
  122,
  132,
  159,
  125,
  131
 ],
 "templateIndices": [
  78,
  24,
  65,
  50,
  23,
  60,
  53,
  19,
  29,
  70,
  46,
  37,
  74,
  39,
  79,
  18,
  52,
  59,
  22,
  51,
  66,
  25,
  40,
  75,
  38,
  45,
  69,
  28,
  58,
  17,
  21,
  62,
  47,
  26,
  63,
  80,
  41,
  35,
  76,
  44,
  34,
  68,
  64,
  27,
  15,
  48,
  61,
  20,
  16,
  57,
  67,
  33,
  43,
  77,
  36,
  42
 ]
}
,{
 "name": "fold_vav_2026_01_31_15_42_template_hit_1_chains_a.cif",
 "queryIndices": [
  23,
  35,
  36,
  56,
  58,
  38,
  21,
  33,
  26,
  46,
  50,
  41,
  29,
  53,
  55,
  43,
  31,
  48,
  24,
  44,
  57,
  37,
  22,
  34,
  32,
  39,
  59,
  52,
  40,
  28,
  51,
  27,
  47,
  25,
  45,
  49,
  42,
  54
 ],
 "templateIndices": [
  131,
  142,
  143,
  163,
  165,
  145,
  129,
  140,
  134,
  153,
  157,
  148,
  137,
  160,
  162,
  150,
  138,
  155,
  132,
  151,
  164,
  144,
  130,
  141,
  139,
  146,
  166,
  159,
  147,
  136,
  158,
  135,
  154,
  133,
  152,
  156,
  149,
  161
 ]
}
,{
 "name": "fold_vav_2026_01_31_15_42_template_hit_2_chains_a.cif",
 "queryIndices": [
  138,
  116,
  111,
  141,
  145,
  115,
  147,
  113,
  109,
  143,
  118,
  136,
  135,
  121,
  128,
  126,
  124,
  130,
  123,
  133,
  114,
  144,
  140,
  110,
  117,
  139,
  137,
  119,
  142,
  112,
  146,
  127,
  129,
  120,
  134,
  132,
  122,
  131,
  125
 ],
 "templateIndices": [
  377,
  354,
  349,
  380,
  384,
  353,
  386,
  351,
  347,
  382,
  356,
  375,
  374,
  359,
  367,
  365,
  363,
  369,
  362,
  372,
  352,
  383,
  379,
  348,
  355,
  378,
  376,
  357,
  381,
  350,
  385,
  366,
  368,
  358,
  373,
  371,
  361,
  370,
  364
 ]
}
,{
 "name": "fold_vav_2026_01_31_15_42_template_hit_3_chains_a.cif",
 "queryIndices": [
  63,
  64,
  56,
  71,
  58,
  69,
  61,
  66,
  81,
  46,
  50,
  77,
  86,
  53,
  74,
  55,
  72,
  84,
  48,
  79,
  83,
  44,
  70,
  57,
  65,
  62,
  67,
  60,
  88,
  68,
  59,
  75,
  52,
  87,
  76,
  51,
  47,
  80,
  45,
  82,
  78,
  49,
  85,
  73,
  54
 ],
 "templateIndices": [
  167,
  168,
  160,
  176,
  162,
  174,
  165,
  170,
  186,
  150,
  154,
  182,
  191,
  157,
  179,
  159,
  177,
  189,
  152,
  184,
  188,
  148,
  175,
  161,
  169,
  166,
  172,
  164,
  193,
  173,
  163,
  180,
  156,
  192,
  181,
  155,
  151,
  185,
  149,
  187,
  183,
  153,
  190,
  178,
  158
 ]
}
]
